A;1;D;0.654;P
A;2;A;0.786;H
A;3;E;0.357;P
A;4;F;-0.072;H
A;5;R;0.4985;P;
A;6;H;0.36;N
A;7;D;0.854;P
A;8;S;0.729;N
A;9;G;0.621;N
A;10;Y;0.845;H
A;11;E;0.557;P
A;12;V;0.88;H
A;13;H;0.36;N
A;14;H;0.36;N
A;15;Q;0.3845;N;
A;16;K;0.337;P
A;17;L;0.728;H
A;18;V;0.88;H
A;19;F;-0.072;H
A;20;F;-0.072;H
A;21;A;0.986;H
A;22;E;0.557;P
A;23;D;0.854;P
A;24;V;0.88;H
A;25;G;0.621;N
A;26;S;0.729;N
A;27;N;0.825;P
A;28;K;0.337;P
A;29;G;0.621;N
A;30;A;0.986;H
A;31;I;0.575;H
A;32;I;0.575;H
A;33;G;0.621;N
A;34;L;0.728;H
A;35;M;0.125;H
A;36;V;0.88;H
A;37;G;0.621;N
A;38;G;0.621;N
A;39;V;0.88;H
A;40;V;0.88;H
A;41;I;0.575;H
A;42;A;0.986;H
