E;1;D;0.854;P
E;2;A;0.986;H
E;3;E;0.557;P
E;4;F;-0.072;H
E;5;R;0.4985;P;
E;6;H;0.36;N
E;7;D;0.854;P
E;8;S;0.729;N
E;9;G;0.621;N
E;10;Y;0.845;H
E;11;E;0.557;P
E;12;V;0.88;H
E;13;H;0.36;N
E;14;H;0.36;N
E;15;Q;0.3845;N;
E;16;K;0.337;P
E;17;L;0.728;H
E;18;V;0.88;H
E;19;F;-0.072;H
E;20;F;-0.072;H
E;21;A;0.986;H
E;22;E;0.557;P
E;23;D;0.854;P
E;24;V;0.88;H
E;25;G;0.621;N
E;26;S;0.729;N
E;27;N;0.825;P
E;28;K;0.337;P
E;29;G;0.621;N
E;30;A;0.986;H
E;31;I;0.575;H
E;32;I;0.575;H
E;33;G;0.621;N
E;34;L;0.728;H
E;35;M;0.125;H
E;36;V;0.88;H
E;37;G;0.621;N
E;38;G;0.621;N
E;39;V;0.88;H
E;40;V;0.88;H
E;41;I;0.575;H
E;42;A;0.786;H
