C;1;D;0.654;P
C;2;A;0.786;H
C;3;E;0.357;P
C;4;F;-0.072;H
C;5;R;0.4985;P;
C;6;H;0.36;N
C;7;D;0.854;P
C;8;S;0.729;N
C;9;G;0.621;N
C;10;Y;0.845;H
C;11;E;0.557;P
C;12;V;0.88;H
C;13;H;0.36;N
C;14;H;0.36;N
C;15;Q;0.3845;N;
C;16;K;0.337;P
C;17;L;0.728;H
C;18;V;0.88;H
C;19;F;-0.072;H
C;20;F;-0.072;H
C;21;A;0.986;H
C;22;E;0.557;P
C;23;D;0.854;P
C;24;V;0.88;H
C;25;G;0.621;N
C;26;S;0.729;N
C;27;N;0.825;P
C;28;K;0.337;P
C;29;G;0.621;N
C;30;A;0.986;H
C;31;I;0.575;H
C;32;I;0.575;H
C;33;G;0.621;N
C;34;L;0.728;H
C;35;M;0.125;H
C;36;V;0.88;H
C;37;G;0.621;N
C;38;G;0.621;N
C;39;V;0.88;H
C;40;V;0.88;H
C;41;I;0.575;H
C;42;A;0.986;H
