F;1;D;0.654;P
F;2;A;0.986;H
F;3;E;0.557;P
F;4;F;-0.072;H
F;5;R;0.4985;P;
F;6;H;0.36;N
F;7;D;0.854;P
F;8;S;0.729;N
F;9;G;0.621;N
F;10;Y;0.845;H
F;11;E;0.557;P
F;12;V;0.88;H
F;13;H;0.36;N
F;14;H;0.36;N
F;15;Q;0.3845;N;
F;16;K;0.337;P
F;17;L;0.728;H
F;18;V;0.88;H
F;19;F;-0.072;H
F;20;F;-0.072;H
F;21;A;0.986;H
F;22;E;0.557;P
F;23;D;0.854;P
F;24;V;0.88;H
F;25;G;0.621;N
F;26;S;0.729;N
F;27;N;0.825;P
F;28;K;0.337;P
F;29;G;0.621;N
F;30;A;0.986;H
F;31;I;0.575;H
F;32;I;0.575;H
F;33;G;0.621;N
F;34;L;0.728;H
F;35;M;0.125;H
F;36;V;0.88;H
F;37;G;0.621;N
F;38;G;0.621;N
F;39;V;0.88;H
F;40;V;0.88;H
F;41;I;0.575;H
F;42;A;0.786;H
