D;1;D;0.654;P
D;2;A;0.986;H
D;3;E;0.557;P
D;4;F;-0.072;H
D;5;R;0.4985;P;
D;6;H;0.36;N
D;7;D;0.854;P
D;8;S;0.729;N
D;9;G;0.621;N
D;10;Y;0.845;H
D;11;E;0.557;P
D;12;V;0.88;H
D;13;H;0.36;N
D;14;H;0.36;N
D;15;Q;0.3845;N;
D;16;K;0.337;P
D;17;L;0.728;H
D;18;V;0.88;H
D;19;F;-0.072;H
D;20;F;-0.072;H
D;21;A;0.986;H
D;22;E;0.557;P
D;23;D;0.854;P
D;24;V;0.88;H
D;25;G;0.621;N
D;26;S;0.729;N
D;27;N;0.825;P
D;28;K;0.337;P
D;29;G;0.621;N
D;30;A;0.986;H
D;31;I;0.575;H
D;32;I;0.575;H
D;33;G;0.621;N
D;34;L;0.728;H
D;35;M;0.125;H
D;36;V;0.88;H
D;37;G;0.621;N
D;38;G;0.621;N
D;39;V;0.88;H
D;40;V;0.88;H
D;41;I;0.575;H
D;42;A;0.786;H
